Family,Binomial,Method,Injection,Dosage mg/kg,Tested on
Elapidae,Naja nivea,LDLo,IV,0.00014,Rabbit
Elapidae,Naja nivea,LDLo,SC,0.00015,Rabbit
Elapidae,Naja nivea,LDLo,SC,0.0002,Guinea Pig
Elapidae,Bungarus multicinctus,LD50,IM,0.00031,Bird
Elapidae,Naja nivea,LDLo,SC,0.0005,Rat
Elapidae,Naja nivea,LDLo,PA,0.0006,Frog
Viperidae,Crotalus durissus,LD50,IC,0.00074,Mouse
Elapidae,Bungarus multicinctus,LD50,IM,0.00078,Pigeon
Viperidae,Vipera ammodytes,LD50,PA,0.00085,Rat
Elapidae,Bungarus multicinctus,LD50,IM,0.00095,Chicken
Elapidae,Bungarus multicinctus,LD50,unknown,0.00095,Chicken
Elapidae,Pseudonaja textilis,LD50,IV,0.001,Mouse
Elapidae,Notechis scutatus,LDLo,IV,0.001,Rabbit
Elapidae,Naja nivea,LDLo,IV,0.0015,Cat
Elapidae,Bungarus multicinctus,LDLo,unknown,0.0025,Pigeon
Elapidae,Naja nivea,LDLo,SC,0.0035,Cat
Colubridae,Dispholidus typus,LDLo,IV,0.005,Rabbit
Viperidae,Bothrops atrox,LDLo,IV,0.005,Rabbit
Viperidae,Crotalus horridus,LD50,IM,0.006,Mouse
Elapidae,Bungarus caeruleus,LD50,IP,0.008,Mouse
Viperidae,Crotalus durissus,LD50,IV,0.0086,Pigeon
Viperidae,Crotalus mitchellii,LDLo,IV,0.0086,Pigeon
Elapidae,Oxyuranus scutellatus,LD50,IP,0.009,Mouse
Elapidae,Oxyuranus microlepidotus,LD50,SC,0.01,Mouse
Elapidae,Laticauda semifasciata,LDLo,IV,0.01,Dog
Elapidae,Notechis scutatus,LD50,IV,0.01,Mouse
Viperidae,Daboia russelii,LD50,IM,0.01,Mouse
Viperidae,Macrovipera lebetinus,LD50,IM,0.01,Mouse
Viperidae,Vipera ammodytes,LD50,IV,0.01,Mouse
Viperidae,Vipera berus,LD50,IV,0.01,Mouse
Elapidae,Hydrophis schistosus,LD50,unknown,0.01,Mouse
Viperidae,Crotalus tigris,LD50,IV,0.011,Pigeon
Elapidae,Oxyuranus scutellatus,LDLo,IV,0.012,Mouse
Viperidae,Calloselasma rhodostoma,LDLo,IV,0.013,Rabbit
Elapidae,Micrurus frontalis,LD50,IC,0.015,Mouse
Elapidae,Bungarus multicinctus,LD50,IP,0.019,Mouse
Elapidae,Notechis scutatus,LDLo,SC,0.02,Guinea Pig
Viperidae,Crotalus scutulatus,LD50,IV,0.02,Pigeon
Viperidae,Daboia russelii,LD50,IC,0.0205,Mouse
Elapidae,Oxyuranus microlepidotus,LD50,IP,0.0225,Mouse
Viperidae,Agkistrodon contortrix,LD50,IM,0.024,Mouse
Elapidae,Austrelaps labialis,LDLo,SC,0.025,Guinea Pig
Elapidae,Austrelaps ramsayi,LDLo,SC,0.025,Mouse
Elapidae,Oxyuranus scutellatus,LDLo,SC,0.025,Guinea Pig
Elapidae,Bungarus multicinctus,LDLo,unknown,0.025,Dog
Elapidae,Bungarus multicinctus,LDLo,unknown,0.025,Rabbit
Viperidae,Daboia russelii,LDLo,IV,0.025,Rabbit
Elapidae,Naja atra,LDLo,SC,0.025,Cat
Elapidae,Naja naja,LDLo,IV,0.025,Rabbit
Elapidae,Naja naja,LDLo,IC,0.025,Rat
Elapidae,Naja haje,LD50,IM,0.025,Rat
Elapidae,Naja haje,LD50,IP,0.025,Rat
Viperidae,Crotalus lepidus,LD50,IV,0.029,Pigeon
Elapidae,Walterinnesia aegyptia,LDLo,IM,0.03,Dog
Elapidae,Naja nigricollis,LD50,IV,0.03,Mouse
Viperidae,Crotalus scutulatus,LD50,IV,0.03,Mouse
Elapidae,Aipysurus duboisii,LD50,SC,0.032,Mouse
Colubridae,Dispholidus typus,LDLo,SC,0.033,Pigeon
Colubridae,Dispholidus typus,LDLo,IM,0.033,Pigeon
Viperidae,Daboia russelii,LD50,IV,0.035,Mouse
Elapidae,Bungarus caeruleus,LD50,IV,0.04,Mouse
Elapidae,Pseudonaja textilis,LDLo,SC,0.04,Guinea Pig
Elapidae,Notechis scutatus,LD50,IP,0.04,Mammal
Elapidae,Bungarus candidus,LD50,IV,0.04,Mouse
Elapidae,Bungarus caeruleus,LDLo,IV,0.04,Rabbit
Elapidae,Naja atra,LDLo,SC,0.04,Frog
Elapidae,Pseudonaja textilis,LD50,SC,0.041,Mouse
Viperidae,Bothrops taeniatus,LD50,IC,0.045,Mouse
Elapidae,Dendroaspis viridis,LD50,unknown,0.045,Mouse
Viperidae,Crotalus concolor,LD50,IV,0.045,Mouse
Viperidae,Crotalus durissus,LD50,IV,0.047,Mouse
Viperidae,Crotalus durissus,LD50,SC,0.0478,Mouse
Viperidae,Crotalus durissus,LD50,IP,0.048,Mouse
Elapidae,Laticauda semifasciata,LD50,IV,0.0486,Rabbit
Elapidae,Laticauda semifasciata,LD50,SC,0.0495,Rabbit
Elapidae,Oxyuranus scutellatus,LD50,SC,0.05,Mouse
Elapidae,Laticauda laticaudata,LDLo,IV,0.05,Dog
Elapidae,Notechis scutatus,LD50,IP,0.05,Mouse
Elapidae,Bungarus multicinctus,LDLo,unknown,0.05,Monkey
Elapidae,Naja naja,LD50,IP,0.05,Rat
Viperidae,Crotalus helleri,LD50,IV,0.05,Dog
Viperidae,Crotalus tigris,LD50,IP,0.05,Mouse
Elapidae,Dendroaspis polylepis,LD50,SC,0.055,Mouse
Elapidae,Hydrophis platurus,LD50,SC,0.055,Mouse
Elapidae,Naja naja,LD50,IP,0.055,Mouse
Viperidae,Crotalus tigris,LD50,IV,0.056,Mouse
Viperidae,Crotalus horridus,LDLo,IV,0.057,Pigeon
Atractaspididae,Atractaspis engaddensis,LD50,IV,0.06,Mouse
Atractaspididae,Atractaspis bibronii,LD50,IV,0.06,Mouse
Atractaspididae,Atractaspis microlepidota,LD50,IV,0.06,Mouse
Elapidae,Hydrophis peronii,LD50,SC,0.062,Mouse
Elapidae,Laticauda semifasciata,LD50,IV,0.0631,Guinea Pig
Elapidae,Naja mossambica,LD50,IC,0.064,Mouse
Viperidae,Bothrops neuwiedi,LD50,IC,0.065,Mouse
Colubridae,Dispholidus typus,LD50,IV,0.067,Mouse
Elapidae,Aipysurus laevis,LD50,SC,0.069,Mouse
Viperidae,Sistrurus catenatus,LD50,IV,0.069,Pigeon
Elapidae,Hydrophis belcheri,LD50,IM,0.07,Mouse
Elapidae,Bungarus multicinctus,LD50,IV,0.071,Mouse
Elapidae,Naja atra,LD50,IP,0.074,Mouse
Elapidae,Naja siamensis,LD50,IV,0.075,Mouse
Elapidae,Oxyuranus temporalis,LD50,IP,0.075,Mouse
Elapidae,Tropidechis carinatus,LDLo,SC,0.075,Guinea Pig
Colubridae,Boiga irregularis,LD50,IV,0.08,Mouse
Viperidae,Causus rhombeatus,LDLo,SC,0.08,Mouse
Elapidae,Acanthophis antarcticus,LD50,IM,0.08,Mouse
Elapidae,Laticauda laticaudata,LDLo,IM,0.08,Monkey
Viperidae,Daboia russelii,LD50,IV,0.08,Mammal
Viperidae,Crotalus adamanteus,LDLo,IV,0.08,Cat
Elapidae,Naja mossambica,LD50,IP,0.083,Mouse
Viperidae,Bothrops asper,LD50,IC,0.084,Mouse
Elapidae,Oxyuranus scutellatus,LD50,IP,0.088,Chicken
Elapidae,Laticauda semifasciata,LD50,SC,0.0897,Guinea Pig
Elapidae,Aipysurus laevis,LD50,IM,0.09,Mouse
Elapidae,Hydrophis platurus,LD50,IV,0.09,Mouse
Elapidae,Bungarus caeruleus,LD50,IV,0.09,Mammal
Elapidae,Hydrophis ornatus,LD50,IM,0.09,Mouse
Elapidae,Naja melanoleuca,LD50,IV,0.093,Mouse
Viperidae,Protobothrops flavoviridis,LD50,IC,0.094,Mouse
Elapidae,Naja annulifera,LD50,IC,0.095,Mouse
Elapidae,Notechis scutatus,LD50,SC,0.099,Mouse
Viperidae,Cerastes cerastes,LDLo,IV,0.1,Dog
Viperidae,Echis carinatus,LDLo,IV,0.1,Dog
Viperidae,Echis carinatus,LDLo,IV,0.1,Rabbit
Elapidae,Laticauda semifasciata,LDLo,IM,0.1,Monkey
Elapidae,Bungarus multicinctus,LDLo,unknown,0.1,Cat
Viperidae,Daboia russelii,LDLo,IV,0.1,Dog
Viperidae,Daboia siamensis,LDLo,IV,0.1,Guinea Pig
Elapidae,Naja nivea,LDLo,SC,0.1,Dog
Elapidae,Naja haje,LDLo,IV,0.1,Mouse
Elapidae,Naja atra,LDLo,IC,0.1,Cat
Elapidae,Naja atra,LDLo,IV,0.1,Rabbit
Elapidae,Naja atra,LDLo,PA,0.1,Frog
Elapidae,Naja nigricollis,LDLo,IV,0.1,Dog
Elapidae,Naja naja,LDLo,IV,0.1,Monkey
Viperidae,Crotalus ruber,LDLo,IV,0.105,Pigeon
Elapidae,Hydrophis stricticollis,LD50,IV,0.108,Mouse
Viperidae,Crotalus scutulatus,LD50,IP,0.11,Mouse
Viperidae,Bitis atropos,LD50,IV,0.111,Mouse
Elapidae,Hydrophis melanocephalus,LD50,SC,0.111,Mouse
Elapidae,Micrurus alleni,LD50,IP,0.113,Mouse
Elapidae,Naja kaouthia,LD50,IV,0.115,Mouse
Elapidae,Naja christyi,LD50,IP,0.12,Mouse
Viperidae,Echis carinatus,LD50,IV,0.12,Mouse
Elapidae,Laticauda colubrina,LD50,IM,0.12,Mouse
Elapidae,Bungarus caeruleus,LDLo,IV,0.12,Dog
Elapidae,Hydrophis elegans,LD50,IV,0.12,Mouse
Elapidae,Hydrophis elegans,LD50,IM,0.12,Mouse
Elapidae,Naja haje,LD50,IP,0.12,Mouse
Elapidae,Naja naja,LDLo,unknown,0.12,Monkey
Colubridae,Rhabdophis subminiatus,LD50,IV,0.125,Mouse
Viperidae,Pseudocerastes fieldi,LD50,IV,0.125,Mouse
Elapidae,Microcephalophis gracilis,LDLo,IV,0.125,Mouse
Elapidae,Microcephalophis gracilis,LDLo,PA,0.125,Mouse
Elapidae,Tropidechis carinatus,LD50,IP,0.125,Mouse
Elapidae,Ophiophagus hannah,LD50,IV,0.125,Mouse
Elapidae,Micrurus mipartitus,LD50,IP,0.125,Mouse
Viperidae,Crotalus durissus,LDLo,IV,0.125,Rabbit
Viperidae,Crotalus adamanteus,LDLo,IV,0.125,Rabbit
Elapidae,Naja kaouthia,LD50,IC,0.126,Mouse
Elapidae,Microcephalophis gracilis,LD50,IV,0.13,Mouse
Elapidae,Acanthophis antarcticus,LDLo,SC,0.13,Guinea Pig
Elapidae,Naja naja,LD50,IV,0.13,Mouse
Viperidae,Crotalus durissus,LD50,unknown,0.13,Mouse
Viperidae,Crotalus horridus,LD50,IV,0.134,Pigeon
Viperidae,Echis ocellatus,LD50,IC,0.136,Mouse
Viperidae,Bothrops jararacussu,LD50,IV,0.14,Mouse
Elapidae,Walterinnesia aegyptia,LD50,IP,0.14,Mouse
Elapidae,Hydrophis major,LD50,IV,0.143,Mouse
Elapidae,Naja annulata,LD50,IP,0.143,Mouse
Viperidae,Crotalus atrox,LD50,IV,0.143,Pigeon
Elapidae,Naja kaouthia,LD50,IP,0.148,Mouse
Elapidae,Aipysurus laevis,LD50,IV,0.15,Mouse
Elapidae,Bungarus fasciatus,LD50,IP,0.15,Mouse
Elapidae,Naja atra,LDLo,IP,0.15,Guinea Pig
Elapidae,Naja atra,LDLo,SC,0.15,Guinea Pig
Elapidae,Naja naja,LDLo,IV,0.15,Dog
Elapidae,Oxyuranus scutellatus,LD50,IV,0.155,Mouse
Elapidae,Acanthophis antarcticus,LD50,IP,0.16,Mouse
Elapidae,Laticauda laticaudata,LD50,IV,0.16,Mouse
Elapidae,Bungarus multicinctus,LD50,SC,0.16,Mouse
Elapidae,Bungarus multicinctus,LD50,IM,0.16,Mouse
Elapidae,Bungarus multicinctus,LD50,unknown,0.16,Mouse
Elapidae,Naja annulifera,LD50,IP,0.16,Mouse
Elapidae,Hydrophis stricticollis,LD50,SC,0.164,Mouse
Elapidae,Hydrophis schistosus,LD50,SC,0.164,Mouse
Elapidae,Hydrophis stokesii,LD50,IV,0.164,Mouse
Viperidae,Crotalus lepidus,LD50,IP,0.166,Mouse
Elapidae,Naja annulata,LD50,IV,0.167,Mouse
Elapidae,Laticauda laticaudata,LD50,IM,0.17,Mouse
Elapidae,Bungarus fasciatus,LD50,IV,0.17,Mouse
Viperidae,Crotalus oreganus,LD50,IV,0.171,Pigeon
Viperidae,Crotalus helleri,LDLo,IV,0.171,Pigeon
Viperidae,Crotalus oreganus,LDLo,IV,0.171,Pigeon
Viperidae,Vipera aspis,LDLo,IV,0.175,Rabbit
Viperidae,Daboia siamensis,LD50,IV,0.178,Mouse
Elapidae,Laticauda laticaudata,LD50,SC,0.179,Mouse
Viperidae,Agkistrodon piscivorus,LD50,IP,0.18,Mouse
Viperidae,Bitis caudalis,LD50,IP,0.18,Mouse
Elapidae,Hydrophis fasciatus,LDLo,IV,0.18,Mouse
Elapidae,Naja oxiana,LD50,IV,0.18,Rat
Elapidae,Naja naja,LD50,IV,0.18,Rat
Viperidae,Crotalus mitchellii,LD50,IP,0.18,Mouse
Viperidae,Montivipera raddei,LD50,IV,0.1935,Mouse
Elapidae,Hydrophis major,LD50,SC,0.194,Mouse
Viperidae,Echis carinatus,LD50,IP,0.196,Mouse
Elapidae,Micrurus frontalis,LD50,IP,0.2,Mouse
Viperidae,Daboia palaestinae,LD50,IV,0.2,Mouse
Elapidae,Naja philippinensis,LD50,SC,0.2,Mouse
Elapidae,Laticauda semifasciata,LD50,SC,0.2,Mouse
Elapidae,Micrurus fulvius,LD50,IV,0.2,Mouse
Elapidae,Micrurus fulvius,LD50,IM,0.2,Mouse
Elapidae,Hydrophis klossi,LD50,IP,0.2,Mouse
Elapidae,Hydrophis cyanocinctus,LD50,IP,0.2,Mouse
Viperidae,Daboia siamensis,LD50,IV,0.2,Dog
Viperidae,Vipera aspis,LD50,PA,0.2,Mouse
Elapidae,Naja atra,LDLo,IV,0.2,Rat
Elapidae,Naja kaouthia,LDLo,IV,0.2,Rabbit
Elapidae,Naja kaouthia,LDLo,IV,0.2,Guinea Pig
Viperidae,Crotalus concolor,LD50,unknown,0.2,Mouse
Viperidae,Crotalus scutulatus,LD50,unknown,0.2,Mouse
Elapidae,Micrurus mosquitensis,LD50,IV,0.2,Mouse
Viperidae,Crotalus tigris,LD50,SC,0.21,Mouse
Viperidae,Crotalus scutulatus,LD50,IV,0.21,Mammal
Elapidae,Naja samarensis,LD50,SC,0.21,Mouse
Elapidae,Laticauda semifasciata,LD50,IV,0.211,Mouse
Viperidae,Agkistrodon contortrix,LD50,IP,0.22,Mouse
Viperidae,Montivipera latifii,LD50,IV,0.224,Mouse
Viperidae,Bothrops jararacussu,LD50,IC,0.225,Mouse
Elapidae,Naja melanoleuca,LD50,SC,0.225,Mouse
Viperidae,Bothrops jararaca,LD50,IC,0.225,Mouse
Viperidae,Bothrops alternatus,LD50,IC,0.225,Mouse
Viperidae,Crotalus horridus,LD50,IP,0.225,Mouse
Viperidae,Montivipera xanthina,LD50,IV,0.228,Mouse
Viperidae,Crotalus basiliscus,LD50,IV,0.229,Pigeon
Elapidae,Micrurus alleni,LD50,IV,0.23,Mouse
Elapidae,Pseudechis australis,LD50,IV,0.23,Mouse
Viperidae,Crotalus scutulatus,LD50,IP,0.23,Mammal
Elapidae,Micrurus multifasciatus,LD50,IP,0.238,Mouse
Elapidae,Naja kaouthia,LD50,SC,0.24,Mouse
Elapidae,Hydrophis coggeri,LD50,IM,0.24,unknown
Elapidae,Hydrophis hardwickii,LD50,IM,0.24,Mouse
Viperidae,Echis carinatus,LD50,IC,0.241,Mouse
Elapidae,Micrurus corallinus,LD50,IP,0.25,Mouse
Viperidae,Cerastes cerastes,LD50,IV,0.25,Mouse
Colubridae,Thelotornis kirtlandii,LD50,IV,0.25,Mouse
Viperidae,Pseudocerastes fieldi,LD50,unknown,0.25,Mammal
Elapidae,Hydrophis stokesii,LD50,IM,0.25,Mouse
Elapidae,Naja nivea,LDLo,IV,0.25,Pigeon
Viperidae,Cerastes vipera,LD50,IP,0.25,Mouse
Viperidae,Echis coloratus,LD50,IV,0.25,Mouse
Viperidae,Echis coloratus,LDLo,PA,0.25,Guinea Pig
Viperidae,Bitis gabonica,LDLo,IV,0.25,Dog
Elapidae,Hydrophis spiralis,LD50,IP,0.25,Mouse
Viperidae,Daboia siamensis,LDLo,IV,0.25,Rabbit
Elapidae,Naja siamensis,LDLo,SC,0.25,Mouse
Viperidae,Crotalus concolor,LD50,IP,0.25,Mouse
Viperidae,Crotalus adamanteus,LDLo,SC,0.25,Rabbit
Elapidae,Pseudonaja inframacula,LD50,SC,0.25,Mouse
Elapidae,Dendroaspis polylepis,LD50,IP,0.256,Mouse
Elapidae,Hydrophis nigrocinctus,LD50,IV,0.256,Mouse
Elapidae,Micrurus altirostris,LD50,IP,0.26,Mouse
Viperidae,Bothrops mattogrossensis,LD50,IC,0.26,Mouse
Elapidae,Hydrophis stokesii,LD50,SC,0.26,Mouse
Elapidae,Dendroaspis jamesoni,LD50,IP,0.26,Mouse
Elapidae,Hydrophis elegans,LD50,SC,0.262,Mouse
Elapidae,Dendroaspis polylepis,LD50,IV,0.264,Mouse
Elapidae,Naja atra,LD50,IV,0.264,Mouse
Colubridae,Rhabdophis tigrinus,LD50,IV,0.265,Mouse
Elapidae,Notechis scutatus,LD50,unknown,0.271,Mouse
Elapidae,Naja oxiana,LD50,IV,0.272,Mouse
Elapidae,Hydrophis cyanocinctus,LD50,IV,0.275,Mouse
Viperidae,Bothrops moojeni,LD50,IC,0.275,Mouse
Elapidae,Naja atra,LD50,SC,0.28,Mouse
Elapidae,Austrelaps superbus,LD50,IP,0.28,Mouse
Elapidae,Naja atra,LD50,IM,0.28,Chicken
Elapidae,Naja atra,LD50,unknown,0.28,Chicken
Viperidae,Bothrops leucurus,LD50,IC,0.285,Mouse
Viperidae,Crotalus cerberus,LD50,IV,0.286,Pigeon
Viperidae,Crotalus enyo,LD50,IV,0.286,Pigeon
Viperidae,Crotalus willardi,LD50,IV,0.286,Pigeon
Elapidae,Naja haje,LD50,IV,0.287,Mouse
Elapidae,Naja naja,LD50,SC,0.29,Mouse
Viperidae,Cerastes cerastes,LD50,IP,0.296,Mouse
Viperidae,Daboia mauritanica,LD50,IV,0.2985,Mouse
Elapidae,Micrurus spixii,LD50,IP,0.3,Mouse
Viperidae,Calloselasma rhodostoma,LDLo,IV,0.3,Rat
Elapidae,Micrurus nigrocinctus,LD50,IV,0.3,Mouse
Elapidae,Naja naja,LDLo,SC,0.3,Mouse
Elapidae,Naja atra,LDLo,unknown,0.3,Rabbit
Elapidae,Naja kaouthia,LDLo,SC,0.3,Rabbit
Elapidae,Naja kaouthia,LDLo,SC,0.3,Guinea Pig
Elapidae,Naja nigricollis,LDLo,IV,0.3,Rabbit
Elapidae,Naja naja,LDLo,IM,0.3,Monkey
Viperidae,Crotalus mitchellii,LD50,IM,0.3,Mouse
Viperidae,Crotalus durissus,LD50,IP,0.3,Mammal
Elapidae,Hydrophis hardwickii,LD50,IV,0.303,Mouse
Viperidae,Gloydius halys,LD50,IV,0.304,Mouse
Viperidae,Crotalus scutulatus,LD50,SC,0.31,Mouse
Elapidae,Pseudonaja textilis,LD50,IP,0.31,Mouse
Viperidae,Agkistrodon bilineatus,LD50,IV,0.314,Pigeon
Viperidae,Agkistrodon piscivorus,LD50,IV,0.314,Pigeon
Viperidae,Crotalus lutosus,LD50,IV,0.314,Pigeon
Elapidae,Bungarus flaviceps,LD50,IV,0.32,Mouse
Elapidae,Naja melanoleuca,LD50,IP,0.324,Mouse
Viperidae,Bothrops atrox,LD50,IC,0.325,Mouse
Elapidae,Dendroaspis viridis,LD50,IP,0.33,Mouse
Elapidae,Micrurus fulvius,LD50,IP,0.33,Mouse
Elapidae,Naja nigricollis,LDLo,IV,0.33,Pigeon
Elapidae,Naja nivea,LD50,IP,0.334,Mouse
Elapidae,Acanthophis antarcticus,LD50,SC,0.338,Mouse
Elapidae,Pseudonaja nuchalis,LD50,SC,0.338,Mouse
Viperidae,Crotalus cerastes,LD50,IV,0.342,Pigeon
Viperidae,Agkistrodon contortrix,LD50,IV,0.343,Pigeon
Viperidae,Crotalus molossus,LDLo,IV,0.343,Pigeon
Elapidae,Hydrophis nigrocinctus,LD50,SC,0.344,Mouse
Elapidae,Micrurus lemniscatus,LD50,IP,0.35,Mouse
Elapidae,Hydrophis viperinus,LD50,IV,0.35,Mouse
Elapidae,Naja atra,LDLo,unknown,0.35,Monkey
Elapidae,Naja atra,LDLo,SC,0.35,Rabbit
Elapidae,Naja siamensis,LD50,IP,0.35,Mouse
Elapidae,Naja nigricollis,LDLo,IC,0.35,Rabbit
Elapidae,Naja naja,LDLo,SC,0.35,Monkey
Elapidae,Naja nigricollis,LD50,IP,0.352,Mouse
Elapidae,Ophiophagus hannah,LD50,IP,0.355,Mouse
Viperidae,Agkistrodon laticinctus,LD50,IP,0.358,Mouse
Elapidae,Naja naja,LDLo,PA,0.36,Mouse
Viperidae,Trimeresurus albolabris,LD50,IV,0.37,Mouse
Elapidae,Naja nivea,LD50,IV,0.371,Mouse
Viperidae,Atropoides picadoi,LD50,IP,0.375,Mouse
Viperidae,Cerrophidion godmani,LD50,IP,0.375,Mouse
Viperidae,Bitis nasicornis,LDLo,IV,0.375,Rabbit
Viperidae,Echis coloratus,LD50,IP,0.376,Mouse
Viperidae,Deinagkistrodon acutus,LD50,IV,0.38,Mouse
Viperidae,Gloydius intermedius,LD50,IP,0.38,Mouse
Viperidae,Trimeresurus sumatranus,LD50,IV,0.38,Mouse
Elapidae,Dendroaspis angusticeps,LD50,IV,0.381,Mouse
Viperidae,Bitis arietans,LD50,IV,0.389,Mouse
Viperidae,Bothrops moojeni,LD50,IV,0.39,Mouse
Viperidae,Daboia russelii,LD50,IP,0.4,Mouse
Elapidae,Naja nivea,LD50,SC,0.4,Mouse
Elapidae,Naja sumatrana,LD50,IV,0.4,Mouse
Viperidae,Bothrops insularis,LD50,IM,0.4,Chicken
Elapidae,Walterinnesia aegyptia,LD50,SC,0.4,Mouse
Elapidae,Walterinnesia aegyptia,LDLo,IM,0.4,Rabbit
Elapidae,Austrelaps superbus,LDLo,IM,0.4,Frog
Elapidae,Micrurus nigrocinctus,LD50,IP,0.4,Mouse
Elapidae,Hydrophis melanosoma,LD50,IP,0.4,Mouse
Elapidae,Naja atra,LDLo,SC,0.4,Monkey
Elapidae,Naja atra,LDLo,SC,0.4,Pigeon
Elapidae,Naja atra,LDLo,unknown,0.4,Pigeon
Elapidae,Naja atra,LDLo,SC,0.4,Chicken
Elapidae,Naja naja,LDLo,SC,0.4,Guinea Pig
Elapidae,Naja naja,LD50,IP,0.4,Mammal
Elapidae,Naja naja,LD50,IV,0.4,Mammal
Viperidae,Crotalus adamanteus,LDLo,IP,0.4,Rabbit
Elapidae,Hydrophis hardwickii,LD50,IP,0.408,Mouse
Viperidae,Bothrops diporus,LD50,IC,0.41,Mouse
Viperidae,Crotalus atrox,LD50,IC,0.413,Mouse
Elapidae,Micrurus clarki,LD50,IV,0.42,Mouse
Elapidae,Naja atra,LD50,IM,0.43,Pigeon
Elapidae,Naja oxiana,LD50,IP,0.43,Rat
Elapidae,Naja oxiana,LD50,IM,0.43,Rat
Elapidae,Naja naja,LD50,IM,0.43,Rat
Viperidae,Porthidium nasutum,LD50,IP,0.438,Mouse
Elapidae,Naja nigricollis,LD50,IM,0.44,Mouse
Elapidae,Micrurus tschudii,LD50,IP,0.44,Mouse
Viperidae,Bitis cornuta,LD50,IV,0.444,Mouse
Elapidae,Dendroaspis angusticeps,LD50,IV,0.45,Mammal
Elapidae,Laticauda colubrina,LD50,SC,0.45,Mouse
Elapidae,Bungarus caeruleus,LD50,SC,0.45,Mouse
Elapidae,Naja oxiana,LD50,SC,0.45,Mouse
Elapidae,Hydrophis cyanocinctus,LD50,SC,0.465,Mouse
Viperidae,Bothrops asper,LD50,IP,0.469,Mouse
Viperidae,Cerastes cerastes,LD50,SC,0.475,Mouse
Elapidae,Microcephalophis gracilis,LD50,SC,0.48,Mouse
Viperidae,Cerastes gasperettii,LD50,IV,0.481,Mouse
Viperidae,Vipera seoanei,LD50,IV,0.485,Mouse
Viperidae,Daboia siamensis,LD50,IP,0.489,Mouse
Elapidae,Naja pallida,LD50,IV,0.49,Mouse
Elapidae,Laticauda semifasciata,LD50,IM,0.5,Mouse
Elapidae,Austrelaps superbus,LD50,SC,0.5,Mouse
Elapidae,Tropidechis carinatus,LDLo,SC,0.5,Dog
Colubridae,Dispholidus typus,LDLo,IM,0.5,Rabbit
Viperidae,Azemiops feae,LDLo,SC,0.5,Mouse
Elapidae,Naja nivea,LDLo,IV,0.5,Dog
Elapidae,Naja nivea,LDLo,SC,0.5,Chicken
Viperidae,Cerastes vipera,LDLo,IV,0.5,Rabbit
Viperidae,Cerastes gasperettii,LDLo,IV,0.5,Rabbit
Viperidae,Cerastes cerastes,LDLo,IV,0.5,Rabbit
Elapidae,Pseudonaja textilis,LDLo,IM,0.5,Frog
Viperidae,Bitis arietans,LD50,IP,0.5,Mouse
Viperidae,Bitis arietans,LDLo,IV,0.5,Dog
Elapidae,Pseudechis porphyriacus,LDLo,IM,0.5,Frog
Elapidae,Notechis scutatus,LDLo,IM,0.5,Frog
Elapidae,Bungarus multicinctus,LDLo,unknown,0.5,Rat
Elapidae,Micrurus fulvius,LDLo,IV,0.5,Dog
Viperidae,Daboia siamensis,LDLo,SC,0.5,Guinea Pig
Viperidae,Trimeresurus purpureomaculatus,LD50,IV,0.5,Mouse
Elapidae,Naja annulifera,LD50,IP,0.5,Guinea Pig
Elapidae,Naja atra,LDLo,unknown,0.5,Dog
Elapidae,Naja kaouthia,LDLo,SC,0.5,Mouse
Elapidae,Naja kaouthia,LDLo,IV,0.5,Mouse
Elapidae,Naja naja,LDLo,SC,0.5,Rabbit
Viperidae,Crotalus horridus,LDLo,IV,0.5,Dog
Viperidae,Crotalus atrox,LDLo,IV,0.5,Dog
Viperidae,Crotalus adamanteus,LDLo,IV,0.5,Dog
Viperidae,Cerastes vipera,LD50,IV,0.5,Mouse
Colubridae,Thelotornis capensis,LD50,IP,0.5,Mouse
Viperidae,Crotalus stephensi,LD50,IV,0.514,Pigeon
Viperidae,Azemiops feae,LD50,IV,0.52,Mouse
Elapidae,Pseudechis australis,LD50,IP,0.52,Mouse
Elapidae,Hydrophis jerdonii,LD50,IP,0.53,Mouse
Elapidae,Naja nubiae,LD50,IV,0.53,Mouse
Viperidae,Bothriechis schlegelii,LD50,IP,0.531,Mouse
Viperidae,Pseudocerastes fieldi,LD50,IP,0.54,Mouse
Elapidae,Hydrophis hardwickii,LD50,SC,0.541,Mouse
Elapidae,Hydrophis annandalei,LDLo,IV,0.55,Mouse
Viperidae,Bitis gabonica,LD50,IV,0.55,Mouse
Viperidae,Vipera berus,LD50,IV,0.55,Mammal
Elapidae,Naja naja,LDLo,PA,0.555,Guinea Pig
Elapidae,Pseudonaja affinis,LD50,SC,0.56,Mouse
Viperidae,Macrovipera lebetinus,LD50,IV,0.568,Mouse
Viperidae,Crotalus pricei,LD50,IV,0.571,Pigeon
Viperidae,Protobothrops flavoviridis,LD50,IP,0.572,Mouse
Elapidae,Tropidechis carinatus,LD50,SC,0.58,Mouse
Viperidae,Crotalus helleri,LD50,IV,0.58,Mouse
Elapidae,Naja sputatrix,LD50,IV,0.59,Mouse
Viperidae,Bothrops erythromelas,LD50,IC,0.59,Mouse
Viperidae,Agkistrodon contortrix,LD50,SC,0.6,Mouse
Elapidae,Hemachatus haemachatus,LDLo,IV,0.6,Rabbit
Viperidae,Bitis arietans,LD50,SC,0.6,Mouse
Elapidae,Hydrophis spiralis,LDLo,SC,0.6,Mouse
Elapidae,Naja haje,LDLo,IV,0.6,Rabbit
Elapidae,Naja atra,LDLo,unknown,0.6,Rat
Elapidae,Naja atra,LDLo,SC,0.6,Dog
Viperidae,Pseudocerastes persicus,LD50,IV,0.604,Mouse
Viperidae,Montivipera bornmuelleri,LD50,IV,0.605,Mouse
Viperidae,Bothrops neuwiedi,LD50,IV,0.605,Mouse
Viperidae,Vipera lotievi,LD50,IV,0.6075,Mouse
Viperidae,Atheris squamigera,LD50,IV,0.611,Mouse
Viperidae,Gloydius ussuriensis,LD50,IP,0.625,Mouse
Viperidae,Tropidolaemus wagleri,LD50,IV,0.625,Mouse
Elapidae,Hemachatus haemachatus,LDLo,IV,0.63,Pigeon
Viperidae,Crotalus adamanteus,LDLo,IM,0.64,Dog
Viperidae,Crotalus adamanteus,LDLo,IM,0.64,Monkey
Viperidae,Crotalus adamanteus,LDLo,IM,0.64,Mammal
Elapidae,Micrurus tener,LD50,IV,0.64,Mouse
Viperidae,Bothriechis lateralis,LD50,IP,0.644,Mouse
Viperidae,Bitis arietans,LDLo,IV,0.66,Rabbit
Elapidae,Naja naja,LDLo,SC,0.66,Rat
Elapidae,Dendroaspis viridis,LD50,IV,0.667,Mouse
Colubridae,Dispholidus typus,LDLo,IP,0.667,Pigeon
Colubridae,Dispholidus typus,LDLo,IV,0.667,Pigeon
Elapidae,Naja atra,LD50,IM,0.67,Mouse
Elapidae,Naja atra,LD50,unknown,0.67,Mouse
Elapidae,Dendroaspis viridis,LDLo,IV,0.7,Rabbit
Elapidae,Pseudechis porphyriacus,LD50,IP,0.7,Mouse
Elapidae,Micrurus dumerilii,LD50,IP,0.7,Mouse
Elapidae,Naja atra,LDLo,SC,0.7,Rat
Elapidae,Naja atra,LD50,IM,0.7,Bird
Elapidae,Naja naja,LDLo,unknown,0.7,Rat
Viperidae,Crotalus concolor,LDLo,unknown,0.7,Mammal
Viperidae,Crotalus tigris,LDLo,unknown,0.7,Mammal
Viperidae,Crotalus scutulatus,LD50,IM,0.7,Mouse
Viperidae,Crotalus scutulatus,LDLo,unknown,0.7,Mammal
Viperidae,Crotalus mitchellii,LDLo,unknown,0.7,Mammal
Viperidae,Crotalus pyrrhus,LDLo,unknown,0.7,Mammal
Viperidae,Crotalus lepidus,LDLo,unknown,0.7,Mammal
Viperidae,Crotalus horridus,LDLo,unknown,0.7,Mammal
Viperidae,Crotalus durissus,LDLo,unknown,0.7,Mammal
Elapidae,Micrurus distans,LD50,IP,0.71,Mouse
Viperidae,Porthidium ophryomegas,LD50,IP,0.719,Mouse
Viperidae,Crotalus atrox,LD50,IP,0.72,Mouse
Viperidae,Bitis gabonica,LD50,IP,0.72,Mouse
Elapidae,Aspidelaps scutatus,LD50,IV,0.722,Mouse
Elapidae,Elapsoidea sundevallii,LD50,IV,0.722,Mouse
Viperidae,Gloydius caucasicus,LD50,IV,0.733,Mouse
Viperidae,Agkistrodon contortrix,LDLo,IV,0.75,Dog
Viperidae,Agkistrodon piscivorus,LDLo,IV,0.75,Dog
Viperidae,Bothrops alternatus,LD50,IV,0.75,Mouse
Elapidae,Micrurus frontalis,LD50,IV,0.75,Mouse
Viperidae,Daboia palaestinae,LDLo,IV,0.75,Rabbit
Elapidae,Naja haje,LDLo,IV,0.75,Pigeon
Viperidae,Vipera latastei,LD50,IV,0.755,Mouse
Viperidae,Vipera aspis,LD50,IV,0.78,Mouse
Elapidae,Dendroaspis viridis,LD50,SC,0.79,Mouse
Viperidae,Agkistrodon bilineatus,LD50,IV,0.8,Mouse
Viperidae,Echis coloratus,LDLo,IP,0.8,Guinea Pig
Viperidae,Echis coloratus,LDLo,IV,0.8,Guinea Pig
Viperidae,Vipera berus,LD50,IP,0.8,Mammal
Viperidae,Trimeresurus stejnegeri,LD50,IV,0.8,Mouse
Elapidae,Naja haje,LDLo,SC,0.8,Guinea Pig
Elapidae,Naja nigricollis,LDLo,SC,0.8,Guinea Pig
Elapidae,Naja naja,LDLo,SC,0.8,Dog
Elapidae,Naja naja,LDLo,unknown,0.8,Dog
Viperidae,Crotalus atrox,LDLo,IV,0.8,Cat
Viperidae,Crotalus adamanteus,LD50,IV,0.8,Pigeon
Viperidae,Echis ocellatus,LD50,IV,0.804,Mouse
Viperidae,Gloydius shedaoensis,LD50,IP,0.813,Mouse
Viperidae,Protobothrops flavoviridis,LD50,unknown,0.83,Rabbit
Viperidae,Vipera nikolskii,LD50,IV,0.83,Mouse
Viperidae,Lachesis muta,LD50,IP,0.833,Rat
Viperidae,Bothrops jararaca,LD50,IV,0.835,Mouse
Viperidae,Echis pyramidum,LD50,IV,0.84,Mouse
Elapidae,Dendroaspis jamesoni,LD50,IV,0.84,Mouse
Elapidae,Pseudechis guttatus,LD50,IP,0.84,Mouse
Viperidae,Crotalus ruber,LD50,IV,0.857,Pigeon
Viperidae,Vipera berus,LD50,IP,0.86,Mouse
Viperidae,Gloydius brevicauda,LD50,IP,0.875,Mouse
Viperidae,Bothriechis nigroviridis,LD50,IP,0.875,Mouse
Viperidae,Calloselasma rhodostoma,LD50,IP,0.88,Mouse
Viperidae,Daboia russelii,LD50,IP,0.89,Rat
Viperidae,Hypnale hypnale,LD50,IV,0.9,Mouse
Viperidae,Calloselasma rhodostoma,LD50,IV,0.9,Dog
Elapidae,Naja nivea,LDLo,IV,0.9,Rat
Viperidae,Lachesis muta,LD50,IV,0.9,Mouse
Viperidae,Crotalus molossus,LD50,IV,0.914,Pigeon
Viperidae,Bothrops leucurus,LD50,IV,0.915,Mouse
Viperidae,Crotalus atrox,LD50,IV,0.92,Mouse
Viperidae,Crotalus adamanteus,LDLo,IM,0.94,Rabbit
Viperidae,Crotalus pricei,LD50,IV,0.95,Mouse
Elapidae,Micrurus fulvius,LD50,IP,0.97,Mammal
Colubridae,Leptodeira ashmeadii,LD50,IM,0.975,Mouse
Viperidae,Cerastes gasperettii,LD50,IP,0.978,Mouse
Elapidae,Micrurus hemprichii,LD50,IP,1,Mouse
Viperidae,Vipera aspis,LD50,SC,1,Mouse
Elapidae,Hemachatus haemachatus,LD50,SC,1,Mouse
Viperidae,Bothrops jararaca,LDLo,IV,1,Rat
Elapidae,Naja naja,LD50,IV,1,Cat
Elapidae,Hemachatus haemachatus,LDLo,SC,1,Rabbit
Viperidae,Sistrurus miliarius,LD50,IV,1,Pigeon
Elapidae,Bungarus multicinctus,LDLo,IV,1,Rabbit
Elapidae,Bungarus fasciatus,LD50,IM,1,Chicken
Viperidae,Daboia siamensis,LDLo,SC,1,Rat
Viperidae,Macrovipera lebetinus,LD50,IV,1,Rat
Viperidae,Vipera berus,LD50,SC,1,Mouse
Viperidae,Craspedocephalus gramineus,LDLo,IV,1,Mouse
Elapidae,Naja nivea,LDLo,IM,1,Rabbit
Elapidae,Naja atra,LDLo,IV,1,Cat
Elapidae,Naja naja,LDLo,IV,1,Cat
Viperidae,Crotalus adamanteus,LDLo,IV,1,Guinea Pig
Elapidae,Micrurus pyrrhocryptus,LD50,IP,1,Mouse
Elapidae,Dendroaspis jamesoni,LD50,SC,1.02,Mouse
Viperidae,Bitis nasicornis,LD50,IV,1.056,Mouse
Viperidae,Metlapilcoatlus mexicanus,LD50,IP,1.063,Mouse
Viperidae,Bitis gabonica,LDLo,IV,1.065,Rabbit
Elapidae,Micrurus dumerilii,LD50,IV,1.075,Mouse
Elapidae,Pseudechis papuanus,LD50,SC,1.09,Mouse
Elapidae,Ophiophagus hannah,LD50,SC,1.091,Mouse
Viperidae,Crotalus viridis,LD50,IV,1.1,Mouse
Colubridae,Boiga irregularis,LD50,IP,1.1,Gecko
Viperidae,Lachesis muta,LD50,IC,1.11,Mouse
Viperidae,Bitis caudalis,LD50,IV,1.111,Mouse
Viperidae,Agkistrodon laticinctus,LD50,SC,1.118,Mouse
Viperidae,Gloydius ussuriensis,LD50,IV,1.139,Mouse
Viperidae,Crotalus pyrrhus,LDLo,IV,1.143,Pigeon
Elapidae,Hemachatus haemachatus,LD50,IV,1.15,Mouse
Viperidae,Agkistrodon bilineatus,LD50,IP,1.155,Mouse
Elapidae,Naja mossambica,LD50,IV,1.16,Mouse
Viperidae,Bothrops asper,LD50,IV,1.175,Mouse
Elapidae,Hemachatus haemachatus,LDLo,SC,1.2,Frog
Elapidae,Pseudechis colletti,LD50,IP,1.2,Mouse
Elapidae,Naja naja,LD50,IM,1.2,Mouse
Viperidae,Crotalus concolor,LD50,IM,1.2,Mouse
Elapidae,Naja nivea,LDLo,SC,1.25,Pigeon
Elapidae,Hemachatus haemachatus,LDLo,SC,1.25,Rat
Elapidae,Hemachatus haemachatus,LDLo,SC,1.25,Chicken
Elapidae,Naja nigricollis,LDLo,SC,1.25,Chicken
Viperidae,Crotalus helleri,LD50,IV,1.29,Mammal
Elapidae,Micrurus fulvius,LD50,SC,1.3,Mouse
Viperidae,Cerastes vipera,LDLo,IP,1.3,Mouse
Colubridae,Dispholidus typus,LD50,IP,1.3,Mouse
Viperidae,Gloydius blomhoffii,LD50,IV,1.32,Mouse
Viperidae,Gloydius blomhoffii,LD50,IP,1.32,Mouse
Viperidae,Bothrops diporus,LD50,IV,1.33,Mouse
Viperidae,Daboia russelii,LD50,IM,1.33,Rat
Viperidae,Macrovipera lebetinus,LD50,IP,1.33,Rat
Viperidae,Crotalus adamanteus,LD50,IV,1.333,Mouse
Elapidae,Hoplocephalus stephensii,LD50,SC,1.36,Mouse
Elapidae,Micrurus obscurus,LD50,IP,1.365,Mouse
Viperidae,Daboia siamensis,LD50,SC,1.37,Mouse
Viperidae,Bothrops atrox,LD50,IV,1.4,Mouse
Viperidae,Vipera ammodytes,LD50,IP,1.4,Mouse
Viperidae,Crotalus durissus,LD50,IM,1.4,Mouse
Viperidae,Crotalus adamanteus,LDLo,IM,1.4,Pigeon
Viperidae,Crotalus adamanteus,LDLo,IM,1.4,Chicken
Viperidae,Atropoides picadoi,LD50,IV,1.419,Mouse
Elapidae,Naja katiensis,LD50,IV,1.42,Mouse
Viperidae,Crotalus mitchellii,LD50,IV,1.429,Pigeon
Viperidae,Trimeresurus popeiorum,LD50,IV,1.45,Mouse
Viperidae,Trimeresurus labialis,LD50,IV,1.497,Mouse
Elapidae,Ophiophagus hannah,LDLo,IV,1.5,Dog
Elapidae,Hemachatus haemachatus,LDLo,IV,1.5,Dog
Viperidae,Daboia russelii,LD50,SC,1.5,Rabbit
Viperidae,Macrovipera lebetinus,LD50,IM,1.5,Rat
Viperidae,Protobothrops mucrosquamatus,LD50,IV,1.5,Mouse
Elapidae,Naja haje,LDLo,SC,1.5,Rat
Elapidae,Naja haje,LDLo,SC,1.5,Chicken
Elapidae,Naja nigricollis,LDLo,SC,1.5,Rat
Viperidae,Crotalus durissus,LDLo,IM,1.5,Dog
Viperidae,Bothrops neuwiedi,LD50,IP,1.51,Mouse
Elapidae,Pseudechis guttatus,LD50,SC,1.53,Mouse
Viperidae,Bothrops taeniatus,LD50,IV,1.55,Mouse
Viperidae,Bitis parviocula,LD50,IV,1.56,Mouse
Viperidae,Crotalus helleri,LD50,IP,1.56,Mouse
Viperidae,Bothriechis schlegelii,LD50,IV,1.6,Mouse
Elapidae,Hemachatus haemachatus,LD50,IP,1.6,Mouse
Elapidae,Naja nigricollis,LDLo,SC,1.6,Rabbit
Viperidae,Crotalus helleri,LD50,IP,1.6,Mammal
Viperidae,Crotalus willardi,LD50,IV,1.61,Mouse
Viperidae,Bothrops jararaca,LD50,IP,1.63,Mouse
Viperidae,Crotalus horridus,LD50,IV,1.644,Mouse
Viperidae,Craspedocephalus gramineus,LD50,IV,1.645,Mouse
Viperidae,Crotalus adamanteus,LD50,IP,1.67,Mouse
Viperidae,Crotalus adamanteus,LD50,IV,1.68,Mammal
Elapidae,Naja sputatrix,LD50,IP,1.7,Mouse
Elapidae,Naja haje,LDLo,SC,1.7,Mouse
Elapidae,Micrurus nigrocinctus,LD50,SC,1.7,Mouse
Elapidae,Naja annulifera,LD50,SC,1.75,Mouse
Colubridae,Boiga irregularis,LD50,IP,1.75,Chicken
Viperidae,Bothrops erythromelas,LD50,IV,1.8,Mouse
Viperidae,Bothrops pauloensis,LD50,IP,1.81,Mouse
Elapidae,Micrurus multifasciatus,LD50,IV,1.875,Mouse
Viperidae,Crotalus adamanteus,LD50,IP,1.89,Mammal
Viperidae,Daboia palaestinae,LD50,IP,1.9,Mouse
Viperidae,Calloselasma rhodostoma,LD50,IM,1.9,Dog
Elapidae,Hemachatus haemachatus,LDLo,SC,1.9,Pigeon
Viperidae,Crotalus scutulatus,LDLo,IV,1.9,Rat
Viperidae,Crotalus atrox,LDLo,IM,1.9,Rabbit
Elapidae,Pseudechis australis,LD50,SC,1.91,Mouse
Viperidae,Montivipera bornmuelleri,LD50,IP,1.92,Mouse
Elapidae,Naja annulifera,LD50,IV,1.98,Mouse
Viperidae,Bitis arietans,LD50,IM,2,Mouse
Elapidae,Naja nigricollis,LD50,SC,2,Mouse
Elapidae,Micrurus fulvius,LDLo,IV,2,Cat
Viperidae,Daboia palaestinae,LDLo,IM,2,Rabbit
Viperidae,Vipera ammodytes,LD50,SC,2,Mouse
Elapidae,Naja mossambica,LD50,unknown,2,Mouse
Elapidae,Naja oxiana,LD50,IP,2,Mouse
Viperidae,Crotalus atrox,LDLo,IM,2,Dog
Viperidae,Crotalus adamanteus,LDLo,IP,2,Guinea Pig
Colubridae,Hydrodynastes gigas,LD50,IP,2,Mouse
Elapidae,Naja pallida,LD50,IP,2,Mouse
Elapidae,Micrurus frontalis,LD50,SC,2.04,Mouse
Viperidae,Agkistrodon piscivorus,LD50,SC,2.044,Mouse
Viperidae,Gloydius brevicauda,LD50,IV,2.044,Mouse
Homalopsidae,Myrrophis chinensis,LD50,IV,2.05,Mouse
Viperidae,Montivipera latifii,LD50,IP,2.07,Mouse
Viperidae,Bothrops ayerbei,LD50,IP,2.07778,Mouse
Viperidae,Crotalus cerastes,LD50,IP,2.08,Mouse
Viperidae,Daboia siamensis,LD50,IM,2.1,Mouse
Viperidae,Trimeresurus erythrurus,LD50,IV,2.1,Mouse
Viperidae,Crotalus lutosus,LD50,IP,2.1,Mouse
Elapidae,Micrurus surinamensis,LD50,IP,2.15,Mouse
Viperidae,Crotalus ruber,LD50,IV,2.17,Mouse
Viperidae,Crotalus lutosus,LD50,IP,2.2,Mammal
Viperidae,Bothrops alternatus,LD50,IP,2.24,Mouse
Atractaspididae,Atractaspis dahomeyensis,LD50,IV,2.24,Mouse
Viperidae,Agkistrodon piscivorus,LD50,IV,2.25,Mouse
Viperidae,Crotalus horridus,LD50,SC,2.25,Mouse
Viperidae,Daboia russelii,LD50,IV,2.27,Rat
Viperidae,Agkistrodon taylori,LD50,IP,2.3,Mouse
Viperidae,Echis carinatus,LD50,IV,2.3,Mammal
Viperidae,Crotalus oreganus,LD50,IP,2.3,Mouse
Viperidae,Daboia palaestinae,LD50,SC,2.333,Mouse
Viperidae,Crotalus molossus,LD50,IP,2.35,Mouse
Elapidae,Pseudechis colletti,LD50,SC,2.38,Mouse
Viperidae,Metlapilcoatlus nummifer,LD50,IV,2.4,Mouse
Viperidae,Crotalus ravus,LD50,IV,2.4,Mouse
Viperidae,Bothrops insularis,LD50,IP,2.4,Chicken
Viperidae,Bothrops insularis,LD50,ICL,2.4,Honey Bee
Viperidae,Bothrops mattogrossensis,LD50,IV,2.45,Mouse
Viperidae,Crotalus oreganus,LD50,IV,2.5,Mouse
Viperidae,Bothrops caribbaeus,LD50,IV,2.5,Mouse
Viperidae,Daboia palaestinae,LDLo,IM,2.5,Rat
Viperidae,Macrovipera lebetinus,LDLo,IV,2.5,Rabbit
Viperidae,Protobothrops flavoviridis,LD50,IV,2.5,Mouse
Elapidae,Naja haje,LDLo,SC,2.5,Pigeon
Viperidae,Crotalus cerberus,LD50,IP,2.5,Mouse
Viperidae,Crotalus simus,LD50,IP,2.5,Mouse
Viperidae,Crotalus totonacus,LD50,IP,2.5,Mouse
Viperidae,Crotalus atrox,LDLo,IV,2.5,Monkey
Elapidae,Pseudechis porphyriacus,LD50,SC,2.52,Mouse
Viperidae,Crotalus cerastes,LD50,IV,2.6,Mouse
Viperidae,Crotalus molossus,LD50,IV,2.63,Mouse
Viperidae,Crotalus horridus,LD50,IV,2.63,Mammal
Elapidae,Cryptophis nigrescens,LD50,SC,2.67,Mouse
Viperidae,Crotalus pyrrhus,LD50,IP,2.7,Mouse
Viperidae,Crotalus adamanteus,LDLo,SC,2.7,Mouse
Viperidae,Agkistrodon contortrix,LD50,IV,2.711,Mouse
Viperidae,Macrovipera lebetinus,LD50,SC,2.72,Mouse
Viperidae,Bothrops jararacussu,LD50,IP,2.73,Mouse
Colubridae,Spalerosophis diadema,LD50,IV,2.75,Mouse
Viperidae,Crotalus basiliscus,LD50,SC,2.78,Mouse
Colubridae,Philodryas olfersii,LD50,IP,2.79,Mouse
Viperidae,Deinagkistrodon acutus,LD50,IP,2.8,Mouse
Viperidae,Sistrurus miliarius,LD50,IV,2.8,Mouse
Elapidae,Dendroaspis angusticeps,LD50,IP,2.8,Mouse
Viperidae,Crotalus enyo,LD50,IP,2.8,Mouse
Viperidae,Crotalus tzabcan,LD50,IP,2.8,Mouse
Viperidae,Protobothrops mucrosquamatus,LD50,IP,2.815,Mouse
Viperidae,Calloselasma rhodostoma,LD50,IV,2.82,Mouse
Viperidae,Crotalus durissus,LDLo,IV,2.85,Pigeon
Colubridae,Toxicodryas blandingii,LD50,IP,2.9,Mouse
Viperidae,Crotalus horridus,LD50,IP,2.91,Mammal
Elapidae,Micrurus frontalis,LDLo,IV,3,Rabbit
Viperidae,Bothrops erythromelas,LD50,IP,3.03,Mouse
Viperidae,Bothrops cotiara,LD50,IP,3.08,Mouse
Viperidae,Bitis nasicornis,LDLo,IV,3.2,Rat
Viperidae,Crotalus adamanteus,LDLo,IM,3.2,Pig
Viperidae,Crotalus adamanteus,LDLo,IM,3.2,Guinea Pig
Elapidae,Naja oxiana,LD50,IM,3.3,Mouse
Viperidae,Bothrops insularis,LD50,IP,3.3,Mouse
Colubridae,Boiga melanota,LD50,IP,3.3,Mouse
Viperidae,Trimeresurus albolabris,LD50,IP,3.3,Mouse
Elapidae,Dendroaspis angusticeps,LD50,SC,3.32,Mouse
Elapidae,Micrurus ibiboboca,LD50,IP,3.35,Mouse
Viperidae,Crotalus helleri,LD50,SC,3.56,Mouse
Viperidae,Tropidolaemus wagleri,LD50,IP,3.575,Mouse
Elapidae,Bungarus fasciatus,LD50,SC,3.58,Mouse
Viperidae,Bothrops taeniatus,LD50,IP,3.585,Mouse
Viperidae,Crotalus oreganus,LD50,IM,3.6,Mouse
Elapidae,Furina tristis,LD50,SC,3.61,Mouse
Viperidae,Cerrophidion sasai,LD50,IV,3.6666,Mouse
Viperidae,Bitis arietans,LD50,IP,3.68,Mammal
Viperidae,Crotalus ruber,LD50,IV,3.7,Mammal
Viperidae,Crotalus catalinensis,LD50,IP,3.7,Mouse
Viperidae,Crotalus atrox,LD50,IP,3.71,Mammal
Viperidae,Bothrops atrox,LD50,IP,3.8,Mammal
Viperidae,Protobothrops elegans,LD50,IV,3.8,Mouse
Viperidae,Ovophis okinavensis,LD50,IV,3.83,Mouse
Viperidae,Crotalus ruber,LD50,IP,3.9,Mouse
Colubridae,Boiga dendrophila,LD50,IP,3.9,Mouse
Viperidae,Agkistrodon piscivorus,LDLo,IV,4,Rat
Viperidae,Gloydius halys,LD50,SC,4,Mouse
Viperidae,Agkistrodon piscivorus,LD50,IV,4,Mammal
Viperidae,Calloselasma rhodostoma,LD50,IV,4,Mammal
Viperidae,Bothrops atrox,LD50,IP,4,Mouse
Elapidae,Walterinnesia aegyptia,LDLo,IV,4,Dog
Elapidae,Naja nivea,LDLo,SC,4,Frog
Viperidae,Cerastes vipera,LDLo,IP,4,Rabbit
Atractaspididae,Atractaspis microlepidota,LDLo,SC,4,Mouse
Viperidae,Craspedocephalus gramineus,LD50,SC,4,Mouse
Elapidae,Naja haje,LD50,SC,4,Mouse
Viperidae,Crotalus helleri,LD50,SC,4,Rat
Viperidae,Crotalus ruber,LDLo,IP,4,Mouse
Viperidae,Crotalus cerastes,LD50,IP,4,Mammal
Viperidae,Crotalus basiliscus,LDLo,IP,4,Mouse
Viperidae,Crotalus adamanteus,LDLo,SC,4,Guinea Pig
Viperidae,Protobothrops flavoviridis,LD50,unknown,4.2,Mouse
Viperidae,Crotalus lutosus,LD50,IM,4.2,Mouse
Viperidae,Crotalus atrox,LD50,IV,4.2,Mammal
Viperidae,Bothrops atrox,LD50,IV,4.27,Mammal
Viperidae,Bothrops leucurus,LD50,IP,4.28,Mouse
Viperidae,Protobothrops flavoviridis,LD50,SC,4.3,Mouse
Viperidae,Bothrops jararaca,LD50,SC,4.32,Mouse
Viperidae,Deinagkistrodon acutus,LD50,unknown,4.4,Mouse
Elapidae,Micrurus tener,LD50,SC,4.4,Mouse
Viperidae,Bothriechis nigroviridis,LD50,IV,4.438,Mouse
Viperidae,Bothrops mattogrossensis,LD50,IP,4.475,Mouse
Viperidae,Crotalus atrox,LD50,unknown,4.5,Mouse
Viperidae,Crotalus oreganus,LDLo,IP,4.545,Mouse
Viperidae,Porthidium nasutum,LD50,IV,4.6,Mouse
Viperidae,Crotalus enyo,LD50,IM,4.6,Mouse
Viperidae,Montivipera latifii,LD50,SC,4.61,Mouse
Viperidae,Tropidolaemus wagleri,LD50,SC,4.625,Mouse
Viperidae,Cerrophidion godmani,LD50,IV,4.75,Mouse
Colubridae,Boiga irregularis,LD50,IP,4.75,Skink
Colubridae,Boiga dendrophila,LD50,IV,4.85,Mouse
Elapidae,Notechis scutatus,LD50,IC,4.86,Mouse
Viperidae,Bothrops jararacussu,LD50,SC,4.92,Mouse
Viperidae,Bitis gabonica,LD50,SC,5,Mouse
Viperidae,Agkistrodon piscivorus,LD50,IV,5,Rabbit
Viperidae,Sistrurus miliarius,LD50,IP,5,Mouse
Viperidae,Crotalus adamanteus,LDLo,SC,5,Dog
Viperidae,Bothrops moojeni,LD50,IP,5.01,Mouse
Viperidae,Crotalus helleri,LD50,IM,5.1,Mouse
Viperidae,Agkistrodon piscivorus,LD50,IP,5.11,Mammal
Viperidae,Echis carinatus,LD50,SC,5.13,Rat
Viperidae,Bothriechis lateralis,LD50,IV,5.144,Mouse
Viperidae,Echis coloratus,LD50,SC,5.167,Mouse
Viperidae,Bitis gabonica,LD50,IM,5.2,Mouse
Viperidae,Crotalus pusillus,LD50,IV,5.35,Mouse
Viperidae,Crotalus stephensi,LDLo,IP,5.455,Mouse
Viperidae,Crotalus atrox,LDLo,IP,5.455,Mouse
Viperidae,Echis carinatus,LD50,SC,5.5,Mouse
Viperidae,Crotalus horridus,LD50,IM,5.5,Mammal
Viperidae,Crotalus cerastes,LD50,SC,5.5,Mouse
Viperidae,Metlapilcoatlus mexicanus,LD50,IV,5.656,Mouse
Viperidae,Lachesis muta,LD50,IP,5.93,Mammal
Viperidae,Hypnale hypnale,LD50,IP,6,Mouse
Viperidae,Lachesis muta,LD50,SC,6,Mouse
Viperidae,Protobothrops flavoviridis,LD50,IM,6,Rabbit
Viperidae,Crotalus cerberus,LD50,IM,6,Mouse
Viperidae,Crotalus atrox,LDLo,IM,6,Monkey
Viperidae,Lachesis melanocephala,LD50,IP,6.059,Mouse
Viperidae,Lachesis muta,LD50,IP,6.2,Mouse
Viperidae,Montivipera bornmuelleri,LD50,SC,6.25,Mouse
Viperidae,Bothrops diporus,LD50,IP,6.41,Mouse
Psammophiidae,Malpolon monspessulanus,LD50,IV,6.5,Mouse
Viperidae,Macrovipera lebetinus,LD50,IP,6.6,Mouse
Viperidae,Crotalus ruber,LD50,IP,6.69,Mammal
Viperidae,Sistrurus catenatus,LD50,SC,6.8,Mouse
Viperidae,Porthidium ophryomegas,LD50,IV,6.813,Mouse
Viperidae,Protobothrops mucrosquamatus,LDLo,SC,7,Mouse
Viperidae,Bothrops cotiara,LD50,SC,7.03,Mouse
Homalopsidae,Subsessor bocourti,LD50,IV,7.3,Mouse
Colubridae,Rhabdophis tigrinus,LD50,IM,7.35,Mouse
Viperidae,Protobothrops flavoviridis,LD50,IM,7.5,Mouse
Viperidae,Agkistrodon piscivorus,LDLo,PA,7.5,Mouse
Viperidae,Protobothrops tokarensis,LD50,IV,7.5,Mouse
Viperidae,Crotalus adamanteus,LD50,SC,7.7,Mouse
Viperidae,Crotalus atrox,LD50,SC,7.8,Mouse
Elapidae,Micrurus fulvius,LDLo,IP,8,Rat
Viperidae,Bothrops insularis,LD50,SC,8.2,Mouse
Viperidae,Daboia russelii,LD50,SC,8.25,Mouse
Viperidae,Crotalus molossus,LD50,IM,8.36,Mouse
Viperidae,Bothrops neuwiedi,LD50,SC,8.42,Mouse
Viperidae,Bitis nasicornis,LD50,IM,8.6,Mouse
Viperidae,Protobothrops mucrosquamatus,LD50,SC,8.6,Mouse
Viperidae,Trimeresurus macrops,LD50,IV,8.75,Mouse
Viperidae,Crotalus lepidus,LD50,IM,8.8,Mouse
Viperidae,Deinagkistrodon acutus,LD50,SC,9.2,Mouse
Colubridae,Rhabdophis tigrinus,LD50,SC,9.2,Mouse
Viperidae,Crotalus ruber,LD50,IM,9.2,Mouse
Viperidae,Agkistrodon contortrix,LDLo,IV,9.52,Mouse
Viperidae,Crotalus pyrrhus,LD50,IM,9.6,Mouse
Viperidae,Crotalus ruber,LD50,SC,9.92,Mouse
Viperidae,Bothrops lanceolatus,LD50,IV,10,Mouse
Colubridae,Dispholidus typus,LDLo,SC,10,Mouse
Elapidae,Laticauda semifasciata,LDLo,PA,10,Frog
Elapidae,Naja naja,LDLo,SC,10,Frog
Colubridae,Boiga irregularis,LD50,unknown,10,Mouse
Viperidae,Causus rhombeatus,LD50,IV,10.278,Mouse
Colubridae,Boiga irregularis,LD50,IP,10.33,Mouse
Viperidae,Agkistrodon contortrix,LD50,IP,10.5,Mammal
Viperidae,Crotalus catalinensis,LD50,IM,10.9,Mouse
Viperidae,Agkistrodon contortrix,LD50,IV,10.92,Mammal
Viperidae,Crotalus basiliscus,LD50,IV,11.1,Mouse
Viperidae,Crotalus ravus,LD50,SC,11.25,Mouse
Viperidae,Crotalus pricei,LD50,SC,11.39,Mouse
Viperidae,Crotalus willardi,LD50,IP,12,Mouse
Viperidae,Crotalus willardi,LDLo,IP,12,Mouse
Viperidae,Crotalus atrox,LDLo,PA,12,Dog
Elapidae,Naja atra,LDLo,IC,12.5,Rabbit
Colubridae,Dispholidus typus,LD50,SC,12.5,Mouse
Viperidae,Trimeresurus albolabris,LD50,SC,12.75,Mouse
Viperidae,Bothrops alternatus,LD50,SC,12.85,Mouse
Viperidae,Hypnale hypnale,LD50,IM,13.7,Mouse
Colubridae,Thamnophis elegans,LD50,IP,13.85,Mouse
Elapidae,Demansia olivacea,LD50,SC,14.2,Mouse
Homalopsidae,Homalopsis buccata,LD50,IV,14.3,Mouse
Viperidae,Ovophis okinavensis,LD50,IP,15,Mouse
Colubridae,Dispholidus typus,LDLo,IM,15,Mouse
Elapidae,Hemachatus haemachatus,LDLo,SC,15,Cat
Viperidae,Crotalus helleri,LD50,IM,15,Rat
Viperidae,Crotalus pusillus,LD50,SC,15,Mouse
Viperidae,Crotalus oreganus,LD50,IM,15,Squirrel
Viperidae,Calloselasma rhodostoma,LD50,SC,16.1,Mouse
Viperidae,Daboia russelii,LD50,SC,16.25,Rat
Viperidae,Crotalus willardi,LDLo,SC,16.5,Mouse
Viperidae,Bothrops itapetiningae,LD50,SC,17.19,Mouse
Viperidae,Gloydius blomhoffii,LD50,SC,18.29,Mouse
Viperidae,Bitis nasicornis,LDLo,IP,18.5,Mouse
Viperidae,Craspedocephalus malabaricus,LD50,SC,18.5,Mouse
Viperidae,Crotalus atrox,LD50,IM,19.04,Mouse
Viperidae,Agkistrodon bilineatus,LD50,SC,19.2,Mouse
Viperidae,Lachesis muta,LDLo,IP,20,Mouse
Viperidae,Crotalus ruber,LD50,IV,20,Cat
Viperidae,Protobothrops flavoviridis,LD50,unknown,21.7,Frog
Elapidae,Tropidechis carinatus,LDLo,IV,21.8,Mammal
Viperidae,Bothrops atrox,LD50,SC,22.14,Mouse
Elapidae,Naja atra,LDLo,unknown,22.5,Cat
Viperidae,Sistrurus miliarius,LD50,SC,24.25,Mouse
Elapidae,Emydocephalus annulatus,LD50,SC,25,Mouse
Viperidae,Bothrops alternatus,LDLo,SC,25,Mouse
Elapidae,Naja haje,LDLo,IP,25,Rat
Viperidae,Crotalus atrox,LDLo,unknown,25,Rat
Viperidae,Crotalus adamanteus,LDLo,IP,25,Rat
Viperidae,Crotalus adamanteus,LDLo,IM,25,Rat
Colubridae,Natrix tessellata,LD50,IV,25,Mouse
Colubridae,Hypsiglena jani,LD50,SC,26,Mouse
Viperidae,Crotalus adamanteus,LD50,IM,28,Mouse
Colubridae,Thamnophis sirtalis,LD50,IP,33,Mouse
Viperidae,Daboia siamensis,LD50,PA,34.8,Frog
Viperidae,Agkistrodon piscivorus,LD50,IP,40,Frog
Viperidae,Echis coloratus,LDLo,IV,50,Dog
Elapidae,Naja naja,LDLo,unknown,50,Cattle
Colubridae,Leptodeira annulata,LD50,SC,50,Mouse
Viperidae,Bothrops fonsecai,LD50,IP,56.8,Mouse
Viperidae,Crotalus horridus,LDLo,SC,60,Mammal
Viperidae,Bothrops itapetiningae,LD50,IP,74.4,Mouse
Elapidae,Naja naja,LDLo,unknown,100,Human
Viperidae,Crotalus atrox,LD50,IP,172,Rat
Viperidae,Crotalus adamanteus,LDLo,IP,190,Frog
Elapidae,Naja naja,LDLo,unknown,400,Guinea Pig
Elapidae,Naja naja,LDLo,unknown,500,Rabbit
Viperidae,Crotalus pyrrhus,LD,IN,500,Chicken
Viperidae,Crotalus pyrrhus,LD50,IN,500,Duck
Viperidae,Crotalus helleri,LD50,IV,1000,Cat
Viperidae,Crotalus pyrrhus,LD,IN,1000,Monkey